N_Jobs,J1,J2,J3,J4,J5,J6,J7,J8,J9,J10,J11,J12,J13,J14,J15,Best_Policy,Quantum
4,3,8,8.1,8.2,0,0.1,0.2,0.3,0.4,0.5,0.6,0.7,0.8,0.9,0.10,RR,8.3
4,6,14,25,48,0,0,0,0,0,0,0,0,0,0,0,MLQ,0
7,30,53,30,13,12,14,53,0,0,0,0,0,0,0,0,SJF,0
9,23,32,36,41,25,4,48,43,38,0,0,0,0,0,0,SJF,0
7,8,10,44,8,13,16,11,0,0,0,0,0,0,0,0,SJF,0
9,59,51,37,10,21,17,21,6,14,0,0,0,0,0,0,SJF,0
14,22,29,12,22,53,35,13,54,12,18,21,28,34,9,0,SJF,0
8,31,2,1,26,14,8,6,12,0,0,0,0,0,0,0,SJF,0
4,25,38,11,17,0,0,0,0,0,0,0,0,0,0,0,MLQ,0
4,2,6,6,10,0,0,0,0,0,0,0,0,0,0,0,RR,8
5,5,38,48,9,14,0,0,0,0,0,0,0,0,0,0,MLQ,0
4,36,24,39,25,0,0,0,0,0,0,0,0,0,0,0,MLQ,0
4,26,27,31,5,0,0,0,0,0,0,0,0,0,0,0,MLQ,0
9,43,9,3,60,20,2,4,36,22,0,0,0,0,0,0,SJF,0
6,46,49,57,8,32,28,0,0,0,0,0,0,0,0,0,SJF,0
14,36,31,27,14,1,11,37,32,18,21,28,4,1,29,0,SJF,0
15,60,38,51,55,49,1,21,41,21,39,36,20,36,58,7,SJF,0
9,2,37,43,25,18,56,59,56,45,0,0,0,0,0,0,SJF,0
7,6,51,38,2,21,40,28,0,0,0,0,0,0,0,0,SJF,0
12,50,6,13,7,47,26,24,55,54,3,46,6,0,0,0,SJF,0
4,28,16,32,44,0,0,0,0,0,0,0,0,0,0,0,SJF,0
4,1,5,5,9,0,0,0,0,0,0,0,0,0,0,0,RR,8
14,28,43,48,19,5,29,21,53,42,58,47,48,31,17,0,SJF,0
6,4,28,42,6,47,33,0,0,0,0,0,0,0,0,0,SJF,0
15,32,30,16,37,30,27,35,58,45,44,21,23,35,19,30,SJF,0
5,1,3,4,8,8,0,0,0,0,0,0,0,0,0,0,RR,8
4,16,17,40,44,0,0,0,0,0,0,0,0,0,0,0,MLQ,0
7,59,32,57,41,2,45,21,0,0,0,0,0,0,0,0,SJF,0
4,5,6,7,8,0,0,0,0,0,0,0,0,0,0,0,RR,8
14,28,19,57,17,3,23,5,59,51,31,15,4,3,56,0,SJF,0
9,2,30,10,46,30,12,43,53,31,0,0,0,0,0,0,SJF,0
4,13,33,18,47,0,0,0,0,0,0,0,0,0,0,0,MLQ,0
15,52,23,54,31,24,31,8,25,34,28,30,19,30,19,9,SJF,0
4,37,6,50,31,0,0,0,0,0,0,0,0,0,0,0,MLQ,0
4,3,29,26,49,0,0,0,0,0,0,0,0,0,0,0,MLQ,0
8,42,53,53,14,49,2,59,14,0,0,0,0,0,0,0,SJF,0
6,32,5,6,43,47,18,0,0,0,0,0,0,0,0,0,MLQ,0
4,17,25,49,27,0,0,0,0,0,0,0,0,0,0,0,MLQ,0
14,54,48,60,41,10,27,22,41,44,38,50,59,55,3,0,SJF,0
5,32,27,1,39,50,0,0,0,0,0,0,0,0,0,0,SJF,0
4,42,44,47,18,0,0,0,0,0,0,0,0,0,0,0,MLQ,0
6,20,43,6,55,57,20,0,0,0,0,0,0,0,0,0,SJF,0
13,11,46,38,27,51,4,2,42,31,9,59,37,55,0,0,SJF,0
4,1,1,7,7,0,0,0,0,0,0,0,0,0,0,0,RR,8
6,42,42,52,48,50,6,0,0,0,0,0,0,0,0,0,SJF,0
13,3,55,47,41,49,18,13,3,29,35,13,19,54,0,0,SJF,0
13,59,16,46,17,45,49,48,30,18,45,38,42,37,0,0,SJF,0
12,6,55,41,14,29,47,29,3,40,3,11,6,0,0,0,SJF,0
6,34,47,1,1,19,49,0,0,0,0,0,0,0,0,0,MLQ,0
6,41,6,58,36,37,41,0,0,0,0,0,0,0,0,0,SJF,0
13,49,56,55,27,35,21,28,50,12,31,20,31,51,0,0,SJF,0
14,1,28,20,44,9,16,57,35,51,41,34,7,14,47,0,SJF,0
9,36,58,57,14,38,26,45,37,52,0,0,0,0,0,0,SJF,0
4,45,9,30,50,0,0,0,0,0,0,0,0,0,0,0,MLQ,0
14,54,18,28,36,15,42,34,1,23,3,36,4,6,33,0,SJF,0
6,1,21,23,45,24,45,0,0,0,0,0,0,0,0,0,MLQ,0
7,20,27,5,40,4,13,19,0,0,0,0,0,0,0,0,SJF,0
4,1,4,7,9,0,0,0,0,0,0,0,0,0,0,0,RR,8
11,18,36,59,35,22,19,13,9,29,15,32,0,0,0,0,SJF,0
4,2,39,16,45,0,0,0,0,0,0,0,0,0,0,0,MLQ,0
5,59,20,60,21,54,0,0,0,0,0,0,0,0,0,0,SJF,0
4,45,13,20,55,0,0,0,0,0,0,0,0,0,0,0,MLQ,0
12,59,60,33,23,18,48,22,1,15,27,55,11,0,0,0,SJF,0
9,15,29,6,13,48,18,4,10,46,0,0,0,0,0,0,SJF,0
4,32,43,45,33,0,0,0,0,0,0,0,0,0,0,0,MLQ,0
5,27,46,45,37,41,0,0,0,0,0,0,0,0,0,0,SJF,0
12,23,33,34,39,25,21,54,7,10,4,27,3,0,0,0,SJF,0
7,34,18,26,9,12,46,2,0,0,0,0,0,0,0,0,SJF,0
4,1,26,37,49,0,0,0,0,0,0,0,0,0,0,0,MLQ,0
8,19,58,24,33,56,50,42,59,0,0,0,0,0,0,0,SJF,0
4,8,45,21,24,0,0,0,0,0,0,0,0,0,0,0,MLQ,0
4,13,34,14,49,0,0,0,0,0,0,0,0,0,0,0,MLQ,0
4,7,19,32,17,0,0,0,0,0,0,0,0,0,0,0,MLQ,0
9,32,17,36,29,24,55,38,25,35,0,0,0,0,0,0,SJF,0
12,9,60,58,2,35,12,35,2,24,28,43,45,0,0,0,SJF,0
13,3,29,8,34,55,5,41,25,56,5,39,60,59,0,0,SJF,0
4,2,2,3,9,0,0,0,0,0,0,0,0,0,0,0,RR,4
10,56,52,14,20,44,32,3,44,49,27,0,0,0,0,0,SJF,0
9,14,22,49,45,36,44,43,22,11,0,0,0,0,0,0,SJF,0
4,35,52,37,21,0,0,0,0,0,0,0,0,0,0,0,SJF,0
14,26,58,49,55,12,41,16,8,3,46,32,46,22,60,0,SJF,0
7,11,31,34,18,43,19,24,0,0,0,0,0,0,0,0,MLQ,0
5,3,3,4,5,9,0,0,0,0,0,0,0,0,0,0,RR,8
7,23,26,55,55,53,47,21,0,0,0,0,0,0,0,0,SJF,0
5,10,31,17,47,18,0,0,0,0,0,0,0,0,0,0,MLQ,0
11,48,3,11,5,28,20,24,36,17,33,20,0,0,0,0,SJF,0
4,35,15,29,45,0,0,0,0,0,0,0,0,0,0,0,MLQ,0
5,25,7,32,13,42,0,0,0,0,0,0,0,0,0,0,MLQ,0
5,3,3,3,4,6,0,0,0,0,0,0,0,0,0,0,RR,4
15,18,23,32,16,45,23,51,21,17,15,10,24,14,18,42,SJF,0
10,35,56,54,18,9,21,58,33,20,18,0,0,0,0,0,SJF,0
14,31,25,34,41,38,29,12,58,12,29,16,8,49,56,0,SJF,0
13,58,35,5,3,20,54,42,46,57,4,26,60,30,0,0,SJF,0
4,4,6,6,6,0,0,0,0,0,0,0,0,0,0,0,RR,8
6,1,42,43,21,50,36,0,0,0,0,0,0,0,0,0,SJF,0
11,17,49,1,34,55,22,5,45,37,53,2,0,0,0,0,SJF,0
4,38,44,45,41,0,0,0,0,0,0,0,0,0,0,0,MLQ,0
4,1,2,4,9,0,0,0,0,0,0,0,0,0,0,0,RR,4
12,12,16,23,49,38,12,1,18,2,49,3,21,0,0,0,SJF,0
5,1,2,8,8,9,0,0,0,0,0,0,0,0,0,0,RR,8
4,19,25,48,30,0,0,0,0,0,0,0,0,0,0,0,MLQ,0
6,1,32,49,32,47,18,0,0,0,0,0,0,0,0,0,SJF,0
7,55,19,50,23,37,48,40,0,0,0,0,0,0,0,0,SJF,0
4,2,4,8,10,0,0,0,0,0,0,0,0,0,0,0,RR,8
4,8,11,18,11,0,0,0,0,0,0,0,0,0,0,0,MLQ,0
7,16,57,48,18,17,16,33,0,0,0,0,0,0,0,0,SJF,0
5,13,40,21,44,25,0,0,0,0,0,0,0,0,0,0,MLQ,0
5,7,29,35,37,47,0,0,0,0,0,0,0,0,0,0,MLQ,0
13,30,43,45,28,15,29,37,3,60,42,59,58,3,0,0,SJF,0
13,18,54,60,60,52,11,10,60,42,4,46,10,18,0,0,SJF,0
4,2,4,8,8,0,0,0,0,0,0,0,0,0,0,0,RR,8
12,57,51,7,35,2,2,11,41,28,34,48,4,0,0,0,SJF,0
5,3,3,3,3,4,0,0,0,0,0,0,0,0,0,0,RR,4
13,15,1,59,36,56,11,54,44,37,13,43,41,12,0,0,SJF,0
4,56,59,45,9,0,0,0,0,0,0,0,0,0,0,0,SJF,0
4,1,2,7,10,0,0,0,0,0,0,0,0,0,0,0,RR,8
4,25,14,3,42,0,0,0,0,0,0,0,0,0,0,0,SJF,0
5,2,14,39,44,49,0,0,0,0,0,0,0,0,0,0,MLQ,0
14,22,21,2,56,60,6,11,48,59,30,21,18,35,27,0,SJF,0
12,23,23,46,1,56,44,57,17,43,3,1,59,0,0,0,SJF,0
7,50,53,57,7,48,21,4,0,0,0,0,0,0,0,0,SJF,0
11,47,40,15,20,7,34,15,3,31,13,8,0,0,0,0,SJF,0
13,2,50,24,15,23,40,24,16,15,27,30,54,35,0,0,SJF,0
5,2,6,7,7,8,0,0,0,0,0,0,0,0,0,0,RR,8
6,42,41,55,24,20,8,0,0,0,0,0,0,0,0,0,SJF,0
14,37,29,22,36,49,51,60,6,21,4,8,24,44,26,0,SJF,0
12,15,12,25,14,45,34,60,30,6,55,11,12,0,0,0,SJF,0
4,35,12,26,50,0,0,0,0,0,0,0,0,0,0,0,MLQ,0
4,53,56,46,31,0,0,0,0,0,0,0,0,0,0,0,SJF,0
5,4,6,7,7,10,0,0,0,0,0,0,0,0,0,0,RR,8
8,50,31,26,33,2,6,21,60,0,0,0,0,0,0,0,SJF,0
6,23,26,1,29,10,15,0,0,0,0,0,0,0,0,0,MLQ,0
4,16,6,6,34,0,0,0,0,0,0,0,0,0,0,0,MLQ,0
7,38,39,3,53,45,60,58,0,0,0,0,0,0,0,0,SJF,0
4,2,5,6,8,0,0,0,0,0,0,0,0,0,0,0,RR,8
6,6,37,18,33,17,34,0,0,0,0,0,0,0,0,0,SJF,0
4,4,4,4,10,0,0,0,0,0,0,0,0,0,0,0,RR,4
4,20,1,9,41,0,0,0,0,0,0,0,0,0,0,0,MLQ,0
7,57,20,7,58,38,30,27,0,0,0,0,0,0,0,0,SJF,0
7,12,32,10,36,46,43,38,0,0,0,0,0,0,0,0,SJF,0
4,18,8,24,9,0,0,0,0,0,0,0,0,0,0,0,MLQ,0
4,3,4,5,5,0,0,0,0,0,0,0,0,0,0,0,RR,8
4,36,12,36,46,0,0,0,0,0,0,0,0,0,0,0,MLQ,0
4,6,30,48,3,0,0,0,0,0,0,0,0,0,0,0,SJF,0
4,1,48,48,25,0,0,0,0,0,0,0,0,0,0,0,MLQ,0
5,5,6,6,8,8,0,0,0,0,0,0,0,0,0,0,RR,8
15,5,55,8,26,34,5,11,29,57,52,42,42,56,30,17,SJF,0
4,1,1,4,10,0,0,0,0,0,0,0,0,0,0,0,RR,4
6,34,7,53,58,15,48,0,0,0,0,0,0,0,0,0,SJF,0
4,4,6,7,10,0,0,0,0,0,0,0,0,0,0,0,RR,8
4,4,4,6,8,0,0,0,0,0,0,0,0,0,0,0,RR,8
5,23,60,3,59,10,0,0,0,0,0,0,0,0,0,0,SJF,0
11,56,48,39,9,54,11,26,2,42,48,14,0,0,0,0,SJF,0
4,46,48,6,50,0,0,0,0,0,0,0,0,0,0,0,MLQ,0
8,59,33,56,24,44,59,30,4,0,0,0,0,0,0,0,SJF,0
13,17,38,31,25,31,56,9,35,9,15,4,12,32,0,0,SJF,0
9,35,19,22,43,26,3,22,18,10,0,0,0,0,0,0,SJF,0
4,35,37,3,7,0,0,0,0,0,0,0,0,0,0,0,MLQ,0
8,10,46,45,1,32,22,23,4,0,0,0,0,0,0,0,SJF,0
7,1,33,29,55,3,53,14,0,0,0,0,0,0,0,0,SJF,0
7,3,25,8,10,9,29,38,0,0,0,0,0,0,0,0,SJF,0
9,28,22,45,25,51,32,14,47,31,0,0,0,0,0,0,SJF,0
10,32,1,59,40,52,56,14,52,28,54,0,0,0,0,0,SJF,0
5,17,43,30,44,32,0,0,0,0,0,0,0,0,0,0,MLQ,0
9,39,6,33,19,23,35,41,26,12,0,0,0,0,0,0,SJF,0
11,44,5,14,47,12,5,54,25,38,57,2,0,0,0,0,SJF,0
5,32,4,32,35,12,0,0,0,0,0,0,0,0,0,0,MLQ,0
14,40,13,12,47,58,46,13,3,41,39,43,53,31,42,0,SJF,0
13,26,28,7,3,12,13,28,38,7,33,40,3,56,0,0,SJF,0
5,2,3,8,8,9,0,0,0,0,0,0,0,0,0,0,RR,8
13,29,60,8,50,43,28,18,23,34,28,40,41,22,0,0,SJF,0
5,4,20,36,39,21,0,0,0,0,0,0,0,0,0,0,MLQ,0
14,23,26,5,42,18,31,60,47,16,37,4,8,40,32,0,SJF,0
15,20,13,31,23,11,4,2,38,26,27,19,58,44,32,14,SJF,0
6,33,59,58,54,52,30,0,0,0,0,0,0,0,0,0,SJF,0
13,24,48,47,26,49,26,29,22,2,39,53,2,2,0,0,SJF,0
10,46,24,12,13,7,18,58,18,17,17,0,0,0,0,0,SJF,0
12,24,55,45,44,47,19,41,33,41,27,50,2,0,0,0,SJF,0
14,29,30,28,14,28,59,17,3,10,49,19,30,58,5,0,SJF,0
12,42,46,39,31,59,34,9,28,60,1,57,57,0,0,0,SJF,0
6,28,27,23,35,4,50,0,0,0,0,0,0,0,0,0,SJF,0
5,18,19,1,1,36,0,0,0,0,0,0,0,0,0,0,MLQ,0
13,2,8,14,16,6,9,31,47,29,23,58,60,17,0,0,SJF,0
13,59,14,11,39,33,7,47,46,51,9,14,44,48,0,0,SJF,0
4,44,47,52,45,0,0,0,0,0,0,0,0,0,0,0,SJF,0
6,1,34,4,24,40,14,0,0,0,0,0,0,0,0,0,SJF,0
12,40,44,36,43,43,25,6,45,60,40,40,55,0,0,0,SJF,0
14,27,15,30,8,2,36,45,12,11,49,54,57,6,60,0,SJF,0
9,41,19,26,27,23,28,9,23,1,0,0,0,0,0,0,SJF,0
14,33,32,16,27,54,30,11,20,57,39,7,21,53,20,0,SJF,0
7,9,28,34,9,34,38,15,0,0,0,0,0,0,0,0,MLQ,0
10,31,57,33,17,58,53,5,49,58,36,0,0,0,0,0,SJF,0
4,1,5,6,9,0,0,0,0,0,0,0,0,0,0,0,RR,8
10,51,33,23,35,43,56,40,18,21,48,0,0,0,0,0,SJF,0
4,1,1,5,7,0,0,0,0,0,0,0,0,0,0,0,RR,8
8,51,52,39,3,43,21,38,40,0,0,0,0,0,0,0,SJF,0
9,21,46,40,58,44,29,19,45,49,0,0,0,0,0,0,SJF,0
4,3,5,7,10,0,0,0,0,0,0,0,0,0,0,0,RR,8
11,31,8,43,32,34,29,15,5,53,2,21,0,0,0,0,SJF,0
5,25,27,2,28,2,0,0,0,0,0,0,0,0,0,0,MLQ,0
4,3,3,8,9,0,0,0,0,0,0,0,0,0,0,0,RR,8
4,13,34,50,27,0,0,0,0,0,0,0,0,0,0,0,MLQ,0
14,58,42,21,59,8,28,14,58,48,6,50,55,3,49,0,SJF,0
7,12,21,53,42,21,20,51,0,0,0,0,0,0,0,0,SJF,0
4,36,23,33,40,0,0,0,0,0,0,0,0,0,0,0,MLQ,0
5,17,38,43,35,50,0,0,0,0,0,0,0,0,0,0,MLQ,0
8,9,50,44,18,53,9,47,5,0,0,0,0,0,0,0,SJF,0
11,15,45,40,16,11,8,11,51,20,11,54,0,0,0,0,SJF,0
6,7,35,42,47,14,28,0,0,0,0,0,0,0,0,0,MLQ,0
4,3,3,6,9,0,0,0,0,0,0,0,0,0,0,0,RR,8
4,2,3,4,8,0,0,0,0,0,0,0,0,0,0,0,RR,4
5,3,5,8,8,8,0,0,0,0,0,0,0,0,0,0,RR,8
14,21,27,7,33,1,29,18,28,47,17,59,15,7,13,0,SJF,0
15,37,47,58,48,31,48,32,8,28,40,9,9,41,8,18,SJF,0
13,32,36,43,27,56,35,11,41,35,3,8,13,29,0,0,SJF,0
8,49,57,25,43,45,23,11,7,0,0,0,0,0,0,0,SJF,0
4,11,32,22,45,0,0,0,0,0,0,0,0,0,0,0,MLQ,0
15,13,10,46,13,48,19,41,25,59,37,6,60,2,24,19,SJF,0
4,1,26,40,47,0,0,0,0,0,0,0,0,0,0,0,MLQ,0
4,1,12,44,40,0,0,0,0,0,0,0,0,0,0,0,SJF,0
5,3,17,21,33,7,0,0,0,0,0,0,0,0,0,0,MLQ,0
13,25,52,24,50,17,18,40,58,1,5,23,25,42,0,0,SJF,0
10,27,1,3,16,55,53,49,30,48,7,0,0,0,0,0,SJF,0
14,47,6,4,59,45,44,18,42,14,57,38,32,20,26,0,SJF,0
8,53,47,8,13,50,11,33,29,0,0,0,0,0,0,0,SJF,0
15,15,24,39,59,2,6,50,16,13,36,15,13,21,44,25,SJF,0
13,16,10,3,27,39,33,7,56,16,43,55,8,30,0,0,SJF,0
15,19,16,24,18,51,35,16,56,41,22,49,45,55,10,53,SJF,0
5,4,4,5,6,7,0,0,0,0,0,0,0,0,0,0,RR,8
12,2,41,57,16,11,8,18,27,57,53,38,16,0,0,0,SJF,0
6,33,47,17,21,19,3,0,0,0,0,0,0,0,0,0,SJF,0
12,38,18,7,57,10,56,52,59,21,6,39,40,0,0,0,SJF,0
4,4,11,28,40,0,0,0,0,0,0,0,0,0,0,0,MLQ,0
11,39,38,37,49,46,52,11,27,43,7,40,0,0,0,0,SJF,0
4,1,2,2,10,0,0,0,0,0,0,0,0,0,0,0,RR,2
4,4,31,10,43,0,0,0,0,0,0,0,0,0,0,0,MLQ,0
7,59,49,3,5,56,20,27,0,0,0,0,0,0,0,0,SJF,0
10,32,23,44,1,21,45,41,55,51,54,0,0,0,0,0,SJF,0
4,41,4,42,20,0,0,0,0,0,0,0,0,0,0,0,MLQ,0
4,26,37,48,34,0,0,0,0,0,0,0,0,0,0,0,MLQ,0
5,53,21,25,59,22,0,0,0,0,0,0,0,0,0,0,SJF,0
4,2,15,11,22,0,0,0,0,0,0,0,0,0,0,0,MLQ,0
4,27,16,49,26,0,0,0,0,0,0,0,0,0,0,0,SJF,0
4,51,13,39,40,0,0,0,0,0,0,0,0,0,0,0,SJF,0
4,36,46,6,24,0,0,0,0,0,0,0,0,0,0,0,MLQ,0
8,13,3,6,30,26,11,1,59,0,0,0,0,0,0,0,SJF,0
4,5,6,7,9,0,0,0,0,0,0,0,0,0,0,0,RR,8
4,3,4,8,9,0,0,0,0,0,0,0,0,0,0,0,RR,8
4,20,26,29,33,0,0,0,0,0,0,0,0,0,0,0,MLQ,0
9,48,7,44,7,52,9,9,28,35,0,0,0,0,0,0,SJF,0
4,6,7,7,8,0,0,0,0,0,0,0,0,0,0,0,RR,8
10,31,44,39,28,47,35,34,14,37,54,0,0,0,0,0,SJF,0
4,37,48,22,33,0,0,0,0,0,0,0,0,0,0,0,MLQ,0
9,42,28,38,8,34,31,41,27,54,0,0,0,0,0,0,SJF,0
4,2,5,7,10,0,0,0,0,0,0,0,0,0,0,0,RR,8
10,22,55,15,4,54,56,28,54,34,52,0,0,0,0,0,SJF,0
15,25,21,20,56,30,41,39,24,25,17,40,28,3,37,36,SJF,0
6,15,35,45,48,15,23,0,0,0,0,0,0,0,0,0,MLQ,0
11,20,19,5,47,48,19,4,17,8,19,52,0,0,0,0,SJF,0
6,27,29,37,52,29,29,0,0,0,0,0,0,0,0,0,MLQ,0
12,48,27,4,49,31,54,21,6,10,48,22,7,0,0,0,SJF,0
5,33,44,47,28,52,0,0,0,0,0,0,0,0,0,0,SJF,0
11,25,32,43,33,60,41,36,10,14,23,21,0,0,0,0,SJF,0
9,14,23,36,53,51,30,58,6,31,0,0,0,0,0,0,SJF,0
5,3,4,6,7,7,0,0,0,0,0,0,0,0,0,0,RR,8
10,47,5,59,30,12,48,4,19,40,14,0,0,0,0,0,SJF,0
8,11,5,56,26,44,34,56,2,0,0,0,0,0,0,0,SJF,0
7,47,59,55,14,56,34,39,0,0,0,0,0,0,0,0,SJF,0
5,56,45,1,58,47,0,0,0,0,0,0,0,0,0,0,SJF,0
5,2,15,26,22,38,0,0,0,0,0,0,0,0,0,0,SJF,0
10,21,57,30,46,59,8,50,51,39,50,0,0,0,0,0,SJF,0
5,14,30,39,20,20,0,0,0,0,0,0,0,0,0,0,MLQ,0
9,60,35,4,26,36,18,55,1,31,0,0,0,0,0,0,SJF,0
4,6,6,6,10,0,0,0,0,0,0,0,0,0,0,0,RR,8
5,21,2,22,49,2,0,0,0,0,0,0,0,0,0,0,MLQ,0
12,38,53,22,6,37,23,18,18,56,23,25,60,0,0,0,SJF,0
11,35,49,9,47,24,8,1,22,2,23,59,0,0,0,0,SJF,0
9,44,58,36,18,10,30,60,31,58,0,0,0,0,0,0,SJF,0
11,49,49,13,20,46,4,26,28,17,5,37,0,0,0,0,SJF,0
10,40,52,1,49,55,15,9,20,57,4,0,0,0,0,0,SJF,0
4,25,26,2,43,0,0,0,0,0,0,0,0,0,0,0,MLQ,0
5,2,3,6,7,7,0,0,0,0,0,0,0,0,0,0,RR,8
4,22,1,26,12,0,0,0,0,0,0,0,0,0,0,0,MLQ,0
5,14,48,59,41,17,0,0,0,0,0,0,0,0,0,0,SJF,0
5,1,43,11,47,18,0,0,0,0,0,0,0,0,0,0,MLQ,0
9,45,23,46,19,56,37,41,48,19,0,0,0,0,0,0,SJF,0
4,37,44,46,39,0,0,0,0,0,0,0,0,0,0,0,MLQ,0
4,18,23,23,1,0,0,0,0,0,0,0,0,0,0,0,MLQ,0
4,1,2,3,7,0,0,0,0,0,0,0,0,0,0,0,RR,4
11,1,52,34,8,31,36,17,44,18,14,52,0,0,0,0,SJF,0
10,44,7,30,15,24,53,12,41,33,36,0,0,0,0,0,SJF,0
4,14,40,32,42,0,0,0,0,0,0,0,0,0,0,0,MLQ,0
10,18,58,52,5,21,50,45,10,30,40,0,0,0,0,0,SJF,0
13,26,38,50,43,3,54,30,14,47,25,30,8,37,0,0,SJF,0
9,55,54,35,17,11,60,25,1,28,0,0,0,0,0,0,SJF,0
10,28,14,38,3,36,58,60,49,36,5,0,0,0,0,0,SJF,0
14,53,15,7,23,28,8,29,41,48,41,18,52,2,46,0,SJF,0
9,20,15,40,9,8,33,56,3,27,0,0,0,0,0,0,SJF,0
10,16,38,1,53,4,4,43,57,16,38,0,0,0,0,0,SJF,0
15,3,28,53,16,10,30,15,37,13,22,16,15,27,49,22,SJF,0
14,56,43,53,11,39,28,60,3,54,6,26,9,47,33,0,SJF,0
9,3,4,55,1,17,3,36,58,57,0,0,0,0,0,0,SJF,0
5,58,34,40,38,19,0,0,0,0,0,0,0,0,0,0,SJF,0
15,58,11,6,28,42,30,57,17,34,49,14,32,25,30,6,SJF,0
4,51,9,30,30,0,0,0,0,0,0,0,0,0,0,0,MLQ,0
10,26,20,48,6,34,15,29,27,24,26,0,0,0,0,0,SJF,0
10,51,11,39,59,1,41,10,35,24,21,0,0,0,0,0,SJF,0
4,11,40,26,20,0,0,0,0,0,0,0,0,0,0,0,SJF,0
10,48,2,1,1,3,45,11,22,35,16,0,0,0,0,0,SJF,0
8,1,23,7,18,49,11,35,60,0,0,0,0,0,0,0,SJF,0
5,1,5,5,7,9,0,0,0,0,0,0,0,0,0,0,RR,8
5,8,29,29,45,48,0,0,0,0,0,0,0,0,0,0,MLQ,0
7,52,42,29,31,44,13,6,0,0,0,0,0,0,0,0,SJF,0
9,32,46,17,31,57,37,4,55,28,0,0,0,0,0,0,SJF,0
7,58,60,42,50,22,35,55,0,0,0,0,0,0,0,0,SJF,0
11,9,23,57,56,18,17,7,3,59,10,8,0,0,0,0,SJF,0
4,2,2,6,9,0,0,0,0,0,0,0,0,0,0,0,RR,8
9,40,60,27,51,21,4,12,46,12,0,0,0,0,0,0,SJF,0
5,8,14,36,21,38,0,0,0,0,0,0,0,0,0,0,MLQ,0
4,19,33,17,12,0,0,0,0,0,0,0,0,0,0,0,SJF,0
4,3,1,18,19,0,0,0,0,0,0,0,0,0,0,0,SJF,0
10,8,47,3,6,56,12,38,56,12,22,0,0,0,0,0,SJF,0
5,31,48,57,58,18,0,0,0,0,0,0,0,0,0,0,SJF,0
15,50,35,50,46,49,15,15,20,17,51,52,7,2,40,19,SJF,0
8,45,41,3,38,17,23,25,24,0,0,0,0,0,0,0,SJF,0
5,11,23,36,15,19,0,0,0,0,0,0,0,0,0,0,MLQ,0
4,5,7,8,10,0,0,0,0,0,0,0,0,0,0,0,RR,8
4,6,6,6,9,0,0,0,0,0,0,0,0,0,0,0,RR,8
14,53,51,43,38,40,4,51,52,23,25,27,26,28,27,0,SJF,0
9,28,11,14,45,31,33,41,22,23,0,0,0,0,0,0,SJF,0
7,18,35,4,25,33,15,58,0,0,0,0,0,0,0,0,SJF,0
5,31,6,24,27,50,0,0,0,0,0,0,0,0,0,0,MLQ,0
4,39,15,32,36,0,0,0,0,0,0,0,0,0,0,0,SJF,0
8,25,25,45,35,7,38,7,17,0,0,0,0,0,0,0,SJF,0
13,44,7,25,43,7,4,59,9,24,39,26,57,21,0,0,SJF,0
4,1,3,6,6,0,0,0,0,0,0,0,0,0,0,0,RR,8
5,41,6,10,46,13,0,0,0,0,0,0,0,0,0,0,MLQ,0
12,45,16,19,24,5,55,26,35,3,13,7,25,0,0,0,SJF,0
4,2,4,4,4,0,0,0,0,0,0,0,0,0,0,0,RR,4
13,11,59,33,34,5,32,33,56,40,30,53,15,5,0,0,SJF,0
13,19,24,27,22,17,53,43,51,16,17,36,39,15,0,0,SJF,0
5,41,3,8,9,15,0,0,0,0,0,0,0,0,0,0,MLQ,0
4,34,46,18,31,0,0,0,0,0,0,0,0,0,0,0,MLQ,0
4,1,3,3,8,0,0,0,0,0,0,0,0,0,0,0,RR,4
4,42,36,47,40,0,0,0,0,0,0,0,0,0,0,0,MLQ,0
13,9,58,4,56,14,3,45,54,25,49,13,16,31,0,0,SJF,0
5,11,26,18,27,20,0,0,0,0,0,0,0,0,0,0,MLQ,0
7,1,2,6,7,7,7,10,0,0,0,0,0,0,0,0,RR,8
15,45,60,33,41,19,28,3,40,39,13,21,58,44,32,25,SJF,0
8,5,5,30,9,51,39,34,54,0,0,0,0,0,0,0,SJF,0
13,29,43,15,19,23,51,22,35,1,38,49,40,1,0,0,SJF,0
4,34,1,10,14,0,0,0,0,0,0,0,0,0,0,0,MLQ,0
6,2,3,3,5,7,7,0,0,0,0,0,0,0,0,0,RR,8
4,44,26,2,22,0,0,0,0,0,0,0,0,0,0,0,SJF,0
13,46,36,1,2,12,50,59,29,45,50,55,5,18,0,0,SJF,0
9,2,58,49,31,7,53,1,5,1,0,0,0,0,0,0,SJF,0
4,4,4,4,10,0,0,0,0,0,0,0,0,0,0,0,RR,4
12,34,44,29,10,22,41,45,17,22,58,40,48,0,0,0,SJF,0
9,29,23,48,35,6,31,53,29,50,0,0,0,0,0,0,SJF,0
7,11,42,59,44,47,51,22,0,0,0,0,0,0,0,0,SJF,0
4,4,47,58,26,0,0,0,0,0,0,0,0,0,0,0,MLQ,0
4,4,4,7,7,0,0,0,0,0,0,0,0,0,0,0,RR,8
10,18,48,26,52,46,42,44,59,58,9,0,0,0,0,0,SJF,0
5,1,3,6,6,6,0,0,0,0,0,0,0,0,0,0,RR,8
12,18,50,23,22,3,36,35,57,53,21,16,57,0,0,0,SJF,0
7,41,59,2,32,8,28,35,0,0,0,0,0,0,0,0,SJF,0
13,54,51,53,33,14,21,18,46,38,22,55,42,44,0,0,SJF,0
4,4,5,5,5,0,0,0,0,0,0,0,0,0,0,0,RR,8
4,5,8,8,10,0,0,0,0,0,0,0,0,0,0,0,RR,8
7,42,49,9,27,31,34,50,0,0,0,0,0,0,0,0,MLQ,0
4,34,39,45,42,0,0,0,0,0,0,0,0,0,0,0,SJF,0
7,2,2,3,4,5,6,7,0,0,0,0,0,0,0,0,RR,8
10,37,23,58,9,45,1,27,48,27,18,0,0,0,0,0,SJF,0
8,1,48,24,44,49,15,8,39,0,0,0,0,0,0,0,SJF,0
4,10,22,41,24,0,0,0,0,0,0,0,0,0,0,0,MLQ,0
5,38,6,53,8,58,0,0,0,0,0,0,0,0,0,0,MLQ,0
13,15,59,20,56,3,53,2,31,12,4,59,34,39,0,0,SJF,0
13,51,23,12,19,51,60,29,59,19,58,46,14,27,0,0,SJF,0
4,43,22,33,47,0,0,0,0,0,0,0,0,0,0,0,MLQ,0
4,1,3,7,9,0,0,0,0,0,0,0,0,0,0,0,RR,8
5,1,41,43,10,10,0,0,0,0,0,0,0,0,0,0,MLQ,0
15,57,14,56,19,33,59,8,27,25,51,30,20,13,1,56,SJF,0
4,32,2,18,46,0,0,0,0,0,0,0,0,0,0,0,MLQ,0
4,1,3,4,8,0,0,0,0,0,0,0,0,0,0,0,RR,4
6,4,37,37,41,50,5,0,0,0,0,0,0,0,0,0,MLQ,0
9,48,6,17,30,21,52,35,44,36,0,0,0,0,0,0,SJF,0
4,10,8,21,21,0,0,0,0,0,0,0,0,0,0,0,SJF,0
4,5,6,8,9,0,0,0,0,0,0,0,0,0,0,0,RR,8
8,23,29,17,30,12,30,20,49,0,0,0,0,0,0,0,SJF,0
5,33,36,57,17,21,0,0,0,0,0,0,0,0,0,0,MLQ,0
6,1,1,4,4,6,6,0,0,0,0,0,0,0,0,0,RR,8
4,6,6,6,6,0,0,0,0,0,0,0,0,0,0,0,RR,8
10,53,21,15,6,4,10,33,5,32,21,0,0,0,0,0,SJF,0
5,40,50,52,5,16,0,0,0,0,0,0,0,0,0,0,MLQ,0
6,30,36,41,36,53,2,0,0,0,0,0,0,0,0,0,SJF,0
5,25,14,40,15,23,0,0,0,0,0,0,0,0,0,0,MLQ,0
8,37,11,45,49,20,54,18,41,0,0,0,0,0,0,0,SJF,0
15,35,56,48,53,36,59,37,20,11,40,48,32,40,60,10,SJF,0
7,41,46,23,8,29,9,29,0,0,0,0,0,0,0,0,SJF,0
4,5,5,7,9,0,0,0,0,0,0,0,0,0,0,0,RR,8
15,45,54,4,46,11,40,44,49,27,36,41,35,40,16,58,SJF,0
11,31,32,27,23,42,15,21,20,53,37,4,0,0,0,0,SJF,0
4,2,2,4,10,0,0,0,0,0,0,0,0,0,0,0,RR,4
14,6,25,49,18,5,14,48,33,22,29,50,16,13,21,0,SJF,0
5,34,7,34,40,44,0,0,0,0,0,0,0,0,0,0,MLQ,0
4,4,4,5,8,0,0,0,0,0,0,0,0,0,0,0,RR,8
9,31,26,15,40,54,27,58,48,51,0,0,0,0,0,0,SJF,0
15,9,57,23,14,7,29,38,26,47,8,52,35,50,8,7,SJF,0
11,37,58,43,56,23,19,4,16,36,40,30,0,0,0,0,SJF,0
4,7,49,50,29,0,0,0,0,0,0,0,0,0,0,0,MLQ,0
4,1,6,7,7,0,0,0,0,0,0,0,0,0,0,0,RR,8
11,4,55,32,6,53,42,33,46,24,43,29,0,0,0,0,SJF,0
5,6,31,38,28,50,0,0,0,0,0,0,0,0,0,0,MLQ,0
4,23,10,29,13,0,0,0,0,0,0,0,0,0,0,0,MLQ,0
6,54,31,21,4,17,39,0,0,0,0,0,0,0,0,0,SJF,0
13,22,3,10,27,23,11,42,3,16,26,27,51,28,0,0,SJF,0
14,44,19,10,55,49,43,51,41,24,2,13,23,6,23,0,SJF,0
9,22,58,5,20,3,27,59,32,50,0,0,0,0,0,0,SJF,0
9,15,39,52,10,52,28,6,44,13,0,0,0,0,0,0,SJF,0
4,4,7,7,7,0,0,0,0,0,0,0,0,0,0,0,RR,8
15,50,24,31,36,14,7,15,43,32,15,37,57,2,59,10,SJF,0
4,29,33,12,24,0,0,0,0,0,0,0,0,0,0,0,MLQ,0
4,1,3,8,9,0,0,0,0,0,0,0,0,0,0,0,RR,8
4,34,18,48,27,0,0,0,0,0,0,0,0,0,0,0,MLQ,0
11,5,10,55,46,7,18,13,10,30,54,11,0,0,0,0,SJF,0
15,22,8,25,59,36,44,48,26,16,33,20,20,26,52,46,SJF,0
9,24,16,17,2,22,16,10,50,30,0,0,0,0,0,0,SJF,0
4,3,7,8,10,0,0,0,0,0,0,0,0,0,0,0,RR,8
9,58,5,23,51,49,4,15,52,3,0,0,0,0,0,0,SJF,0
7,11,50,54,47,36,5,59,0,0,0,0,0,0,0,0,SJF,0
9,7,26,21,8,2,11,43,30,31,0,0,0,0,0,0,SJF,0
4,2,2,6,10,0,0,0,0,0,0,0,0,0,0,0,RR,8
12,22,43,15,51,39,38,53,57,19,52,27,52,0,0,0,SJF,0
10,14,41,48,57,14,7,4,1,15,16,0,0,0,0,0,SJF,0
15,39,46,38,59,59,28,4,14,51,50,54,40,22,34,52,SJF,0
10,8,16,29,13,45,15,27,31,15,38,0,0,0,0,0,SJF,0
4,3,5,8,10,0,0,0,0,0,0,0,0,0,0,0,RR,8
4,1,27,12,38,0,0,0,0,0,0,0,0,0,0,0,MLQ,0
9,45,17,39,46,32,31,12,42,10,0,0,0,0,0,0,SJF,0
4,45,20,43,57,0,0,0,0,0,0,0,0,0,0,0,SJF,0
4,1,4,5,8,0,0,0,0,0,0,0,0,0,0,0,RR,8
4,3,4,4,10,0,0,0,0,0,0,0,0,0,0,0,RR,4
8,35,35,17,12,34,19,33,30,0,0,0,0,0,0,0,SJF,0
5,2,3,6,6,8,0,0,0,0,0,0,0,0,0,0,RR,8
5,9,40,22,28,26,0,0,0,0,0,0,0,0,0,0,SJF,0
7,3,55,15,38,54,14,1,0,0,0,0,0,0,0,0,SJF,0
15,10,22,27,24,7,32,59,15,11,3,27,27,23,12,60,SJF,0
5,26,3,32,17,18,0,0,0,0,0,0,0,0,0,0,MLQ,0
4,1,28,18,44,0,0,0,0,0,0,0,0,0,0,0,MLQ,0
12,55,8,8,49,45,12,26,41,26,50,18,45,0,0,0,SJF,0
5,3,8,20,16,43,0,0,0,0,0,0,0,0,0,0,MLQ,0
5,1,32,42,17,22,0,0,0,0,0,0,0,0,0,0,MLQ,0
7,23,19,7,54,55,52,12,0,0,0,0,0,0,0,0,SJF,0
15,1,46,12,33,41,49,60,21,31,5,57,50,36,52,45,SJF,0
13,4,59,9,54,5,43,58,45,7,34,19,34,38,0,0,SJF,0
4,1,4,4,9,0,0,0,0,0,0,0,0,0,0,0,RR,4
5,15,10,34,28,32,0,0,0,0,0,0,0,0,0,0,SJF,0
15,10,44,30,28,39,47,48,35,60,21,18,46,14,2,1,SJF,0
4,3,4,4,9,0,0,0,0,0,0,0,0,0,0,0,RR,4
5,1,6,6,7,8,0,0,0,0,0,0,0,0,0,0,RR,8
6,1,40,3,8,10,40,0,0,0,0,0,0,0,0,0,MLQ,0
4,1,5,5,10,0,0,0,0,0,0,0,0,0,0,0,RR,8
11,24,13,47,37,41,10,46,51,50,54,53,0,0,0,0,SJF,0
15,60,40,20,18,46,39,4,49,7,57,26,8,57,1,15,SJF,0
15,52,23,12,54,29,41,30,57,28,2,34,45,4,36,43,SJF,0
4,7,7,7,8,0,0,0,0,0,0,0,0,0,0,0,RR,8
4,3,5,6,9,0,0,0,0,0,0,0,0,0,0,0,RR,8
9,58,19,20,28,2,9,27,60,14,0,0,0,0,0,0,SJF,0
15,47,47,50,3,39,54,49,39,54,46,29,41,38,50,8,SJF,0
6,22,9,23,9,23,5,0,0,0,0,0,0,0,0,0,SJF,0
6,44,37,48,52,26,17,0,0,0,0,0,0,0,0,0,SJF,0
4,1,7,7,10,0,0,0,0,0,0,0,0,0,0,0,RR,8
4,3,6,7,10,0,0,0,0,0,0,0,0,0,0,0,RR,8
4,29,43,21,54,0,0,0,0,0,0,0,0,0,0,0,SJF,0
4,3,7,7,7,0,0,0,0,0,0,0,0,0,0,0,RR,8
4,1,4,4,6,0,0,0,0,0,0,0,0,0,0,0,RR,4
4,4,6,8,10,0,0,0,0,0,0,0,0,0,0,0,RR,8
13,36,37,10,46,5,51,15,18,39,52,21,3,53,0,0,SJF,0
5,2,3,3,3,3,0,0,0,0,0,0,0,0,0,0,RR,4
15,37,47,46,13,31,47,25,58,1,40,39,25,25,2,50,SJF,0
4,2,4,6,7,0,0,0,0,0,0,0,0,0,0,0,RR,8
11,53,40,48,51,25,14,19,17,21,22,36,0,0,0,0,SJF,0
5,1,4,7,7,9,0,0,0,0,0,0,0,0,0,0,RR,8
11,38,2,19,60,39,49,26,11,31,1,58,0,0,0,0,SJF,0
13,44,41,48,24,9,41,48,6,1,60,33,27,29,0,0,SJF,0
13,32,35,23,56,28,54,56,11,45,30,42,56,49,0,0,SJF,0
15,31,43,47,10,42,4,58,41,2,15,48,7,27,1,10,SJF,0
4,3,7,8,9,0,0,0,0,0,0,0,0,0,0,0,RR,8
15,5,35,22,44,49,56,34,31,2,40,48,5,35,5,25,SJF,0
14,54,43,38,13,7,26,20,37,20,19,4,11,10,6,0,SJF,0
4,25,47,8,15,0,0,0,0,0,0,0,0,0,0,0,MLQ,0
10,6,53,9,53,53,36,2,20,4,17,0,0,0,0,0,SJF,0
4,4,4,7,7,0,0,0,0,0,0,0,0,0,0,0,RR,8
4,2,28,34,5,0,0,0,0,0,0,0,0,0,0,0,MLQ,0
4,1,2,2,6,0,0,0,0,0,0,0,0,0,0,0,RR,2
4,39,17,41,46,0,0,0,0,0,0,0,0,0,0,0,MLQ,0
11,54,21,34,36,54,24,50,56,47,58,38,0,0,0,0,SJF,0
11,45,47,1,51,60,8,8,52,55,4,44,0,0,0,0,SJF,0
7,45,21,29,8,52,10,8,0,0,0,0,0,0,0,0,SJF,0
6,2,4,5,5,8,9,0,0,0,0,0,0,0,0,0,RR,8
14,2,58,23,18,42,51,25,23,35,16,31,3,13,7,0,SJF,0
5,6,8,51,29,2,0,0,0,0,0,0,0,0,0,0,SJF,0
5,1,3,4,5,7,0,0,0,0,0,0,0,0,0,0,RR,8
5,53,24,54,29,30,0,0,0,0,0,0,0,0,0,0,MLQ,0
4,3,9,24,48,0,0,0,0,0,0,0,0,0,0,0,MLQ,0
15,59,36,6,19,5,14,55,48,27,30,45,32,13,39,37,SJF,0
8,15,52,31,60,14,24,34,20,0,0,0,0,0,0,0,SJF,0
5,1,1,1,6,10,0,0,0,0,0,0,0,0,0,0,RR,8
4,5,5,8,10,0,0,0,0,0,0,0,0,0,0,0,RR,8
13,51,49,32,22,35,52,14,47,24,7,8,13,22,0,0,SJF,0
5,46,57,3,1,49,0,0,0,0,0,0,0,0,0,0,SJF,0
5,28,40,28,50,35,0,0,0,0,0,0,0,0,0,0,MLQ,0
4,3,3,3,4,0,0,0,0,0,0,0,0,0,0,0,RR,4
13,37,23,58,16,54,19,21,40,13,47,17,13,59,0,0,SJF,0
4,28,5,12,28,0,0,0,0,0,0,0,0,0,0,0,MLQ,0
5,2,2,3,8,8,0,0,0,0,0,0,0,0,0,0,RR,8
15,16,39,48,17,14,8,46,2,1,49,42,43,8,32,2,SJF,0
6,27,7,35,35,38,12,0,0,0,0,0,0,0,0,0,MLQ,0
4,11,44,16,31,0,0,0,0,0,0,0,0,0,0,0,SJF,0
13,1,16,13,27,33,58,36,24,34,34,57,2,47,0,0,SJF,0
8,60,55,18,17,25,46,45,4,0,0,0,0,0,0,0,SJF,0
7,22,43,45,4,51,51,22,0,0,0,0,0,0,0,0,SJF,0
15,36,40,39,5,3,15,38,5,26,27,28,56,8,60,3,SJF,0
6,55,8,44,20,23,54,0,0,0,0,0,0,0,0,0,SJF,0
5,35,28,25,58,34,0,0,0,0,0,0,0,0,0,0,SJF,0
8,44,56,20,55,36,54,22,59,0,0,0,0,0,0,0,SJF,0
4,1,18,59,54,0,0,0,0,0,0,0,0,0,0,0,SJF,0
4,45,6,17,18,0,0,0,0,0,0,0,0,0,0,0,MLQ,0
4,33,2,6,37,0,0,0,0,0,0,0,0,0,0,0,MLQ,0
15,43,24,28,4,54,23,56,45,7,47,36,32,5,2,9,SJF,0
4,11,35,50,19,0,0,0,0,0,0,0,0,0,0,0,MLQ,0
5,2,3,3,6,10,0,0,0,0,0,0,0,0,0,0,RR,8
4,2,2,3,3,0,0,0,0,0,0,0,0,0,0,0,RR,4
7,35,22,13,46,38,47,50,0,0,0,0,0,0,0,0,SJF,0
11,21,3,9,44,40,59,54,56,4,53,51,0,0,0,0,SJF,0
9,49,51,43,25,11,54,29,29,46,0,0,0,0,0,0,SJF,0
14,17,54,37,32,37,7,40,9,35,36,31,60,27,22,0,SJF,0
11,34,36,10,56,17,43,5,45,28,14,45,0,0,0,0,SJF,0
4,39,41,49,42,0,0,0,0,0,0,0,0,0,0,0,MLQ,0
10,33,6,28,5,4,2,60,2,7,37,0,0,0,0,0,SJF,0
4,20,46,46,22,0,0,0,0,0,0,0,0,0,0,0,MLQ,0
5,13,36,14,45,50,0,0,0,0,0,0,0,0,0,0,MLQ,0
7,7,7,24,24,32,45,8,0,0,0,0,0,0,0,0,MLQ,0
8,54,60,35,11,24,12,2,43,0,0,0,0,0,0,0,SJF,0
13,31,8,21,48,1,53,20,20,20,20,27,19,34,0,0,SJF,0
5,1,2,3,6,9,0,0,0,0,0,0,0,0,0,0,RR,8
4,2,2,2,3,0,0,0,0,0,0,0,0,0,0,0,RR,2
5,19,20,57,60,47,0,0,0,0,0,0,0,0,0,0,SJF,0
4,4,37,43,17,0,0,0,0,0,0,0,0,0,0,0,MLQ,0
4,47,21,48,38,0,0,0,0,0,0,0,0,0,0,0,MLQ,0
5,6,27,22,56,38,0,0,0,0,0,0,0,0,0,0,SJF,0
14,37,44,7,9,55,28,8,3,44,40,45,47,56,41,0,SJF,0
5,16,41,19,23,44,0,0,0,0,0,0,0,0,0,0,MLQ,0
4,2,3,6,6,0,0,0,0,0,0,0,0,0,0,0,RR,8
5,6,14,29,16,33,0,0,0,0,0,0,0,0,0,0,MLQ,0
15,32,42,38,26,55,18,55,58,21,30,42,3,51,47,8,SJF,0
4,51,28,36,22,0,0,0,0,0,0,0,0,0,0,0,SJF,0
4,29,12,20,29,0,0,0,0,0,0,0,0,0,0,0,MLQ,0
4,3,10,15,29,0,0,0,0,0,0,0,0,0,0,0,MLQ,0
4,32,6,18,37,0,0,0,0,0,0,0,0,0,0,0,MLQ,0
4,6,7,7,10,0,0,0,0,0,0,0,0,0,0,0,RR,8
5,4,4,7,7,8,0,0,0,0,0,0,0,0,0,0,RR,8
4,34,26,56,38,0,0,0,0,0,0,0,0,0,0,0,SJF,0
4,3,5,7,10,0,0,0,0,0,0,0,0,0,0,0,RR,8
4,6,7,7,8,0,0,0,0,0,0,0,0,0,0,0,RR,8
8,50,9,25,46,36,23,60,3,0,0,0,0,0,0,0,SJF,0
5,21,25,26,48,27,0,0,0,0,0,0,0,0,0,0,MLQ,0
9,29,15,4,26,12,29,4,18,29,0,0,0,0,0,0,SJF,0
4,33,57,25,50,0,0,0,0,0,0,0,0,0,0,0,SJF,0
11,14,22,58,18,19,35,57,14,4,30,36,0,0,0,0,SJF,0
4,35,24,54,11,0,0,0,0,0,0,0,0,0,0,0,SJF,0
8,22,41,22,7,45,35,40,2,0,0,0,0,0,0,0,SJF,0
14,41,16,46,5,38,60,37,51,34,8,18,19,49,16,0,SJF,0
11,55,36,7,56,58,43,7,55,44,7,31,0,0,0,0,SJF,0
13,54,31,7,59,40,34,34,22,59,1,25,46,25,0,0,SJF,0
13,10,27,5,40,46,35,31,45,52,27,36,28,34,0,0,SJF,0
4,36,37,40,2,0,0,0,0,0,0,0,0,0,0,0,MLQ,0
4,2,2,3,5,0,0,0,0,0,0,0,0,0,0,0,RR,4
4,25,3,5,46,0,0,0,0,0,0,0,0,0,0,0,MLQ,0
4,16,22,56,52,0,0,0,0,0,0,0,0,0,0,0,SJF,0
4,34,15,46,30,0,0,0,0,0,0,0,0,0,0,0,MLQ,0
15,19,36,10,17,51,40,35,15,44,26,52,35,29,36,27,SJF,0
14,39,11,10,12,46,16,6,14,38,32,60,45,23,36,0,SJF,0
6,44,48,5,6,43,50,0,0,0,0,0,0,0,0,0,SJF,0
15,21,3,27,16,22,42,56,4,53,15,22,40,46,10,41,SJF,0
13,42,52,3,39,26,51,26,48,55,18,13,33,9,0,0,SJF,0
5,7,7,7,7,7,0,0,0,0,0,0,0,0,0,0,RR,8
5,2,5,8,8,8,0,0,0,0,0,0,0,0,0,0,RR,8
4,1,53,24,55,0,0,0,0,0,0,0,0,0,0,0,MLQ,0
9,5,36,31,29,25,31,33,46,43,0,0,0,0,0,0,SJF,0
4,1,7,8,9,0,0,0,0,0,0,0,0,0,0,0,RR,8
4,10,33,35,19,0,0,0,0,0,0,0,0,0,0,0,MLQ,0
4,18,1,47,29,0,0,0,0,0,0,0,0,0,0,0,SJF,0
4,37,38,50,12,0,0,0,0,0,0,0,0,0,0,0,MLQ,0
14,22,49,56,43,30,39,54,3,21,32,56,54,8,30,0,SJF,0
4,22,41,4,7,0,0,0,0,0,0,0,0,0,0,0,MLQ,0
14,39,2,30,7,14,36,41,34,1,25,41,26,6,12,0,SJF,0
4,3,4,5,8,0,0,0,0,0,0,0,0,0,0,0,RR,8
10,5,4,37,15,48,15,8,12,43,44,0,0,0,0,0,SJF,0
10,27,21,45,31,50,58,10,20,37,23,0,0,0,0,0,SJF,0
4,2,4,5,6,0,0,0,0,0,0,0,0,0,0,0,RR,8
8,35,15,12,34,42,59,15,17,0,0,0,0,0,0,0,SJF,0
8,45,24,3,3,58,44,39,35,0,0,0,0,0,0,0,SJF,0
6,4,59,5,59,3,3,0,0,0,0,0,0,0,0,0,SJF,0
4,1,2,2,4,0,0,0,0,0,0,0,0,0,0,0,RR,2
13,27,14,24,4,35,4,39,9,14,31,6,35,57,0,0,SJF,0
5,56,41,60,52,38,0,0,0,0,0,0,0,0,0,0,SJF,0
9,38,26,47,7,33,34,15,6,1,0,0,0,0,0,0,SJF,0
13,48,2,44,34,9,45,50,33,29,54,4,11,3,0,0,SJF,0
11,4,12,45,1,13,51,44,24,44,4,6,0,0,0,0,SJF,0
5,14,27,43,29,47,0,0,0,0,0,0,0,0,0,0,MLQ,0
4,22,22,23,18,0,0,0,0,0,0,0,0,0,0,0,MLQ,0
4,2,3,5,10,0,0,0,0,0,0,0,0,0,0,0,RR,8
9,51,19,20,32,22,25,43,40,32,0,0,0,0,0,0,SJF,0
5,13,4,30,58,56,0,0,0,0,0,0,0,0,0,0,SJF,0
5,49,56,6,46,13,0,0,0,0,0,0,0,0,0,0,SJF,0
7,58,48,41,4,54,18,11,0,0,0,0,0,0,0,0,SJF,0
4,8,16,21,39,0,0,0,0,0,0,0,0,0,0,0,MLQ,0
4,5,17,40,18,0,0,0,0,0,0,0,0,0,0,0,MLQ,0
4,8,24,29,14,0,0,0,0,0,0,0,0,0,0,0,MLQ,0
5,4,5,5,6,8,0,0,0,0,0,0,0,0,0,0,RR,8
10,3,50,19,22,20,44,52,37,11,5,0,0,0,0,0,SJF,0
4,27,37,15,24,0,0,0,0,0,0,0,0,0,0,0,MLQ,0
5,27,3,11,28,40,0,0,0,0,0,0,0,0,0,0,MLQ,0
5,2,2,6,8,9,0,0,0,0,0,0,0,0,0,0,RR,8
10,7,25,46,51,28,13,6,38,13,11,0,0,0,0,0,SJF,0
4,2,3,3,6,0,0,0,0,0,0,0,0,0,0,0,RR,4
4,1,1,2,5,0,0,0,0,0,0,0,0,0,0,0,RR,2
4,2,7,7,7,0,0,0,0,0,0,0,0,0,0,0,RR,8
5,25,31,42,2,23,0,0,0,0,0,0,0,0,0,0,MLQ,0
13,16,46,38,48,51,31,47,60,9,13,25,29,8,0,0,SJF,0
4,5,5,6,8,0,0,0,0,0,0,0,0,0,0,0,RR,8
4,11,22,36,17,0,0,0,0,0,0,0,0,0,0,0,MLQ,0
4,6,15,34,48,0,0,0,0,0,0,0,0,0,0,0,MLQ,0
5,4,4,7,7,9,0,0,0,0,0,0,0,0,0,0,RR,8
4,1,5,7,9,0,0,0,0,0,0,0,0,0,0,0,RR,8
5,20,33,47,22,30,0,0,0,0,0,0,0,0,0,0,MLQ,0
14,44,29,17,36,26,49,18,15,12,35,41,5,48,32,0,SJF,0
5,1,3,7,8,8,0,0,0,0,0,0,0,0,0,0,RR,8
11,49,15,60,29,41,2,14,29,58,22,48,0,0,0,0,SJF,0
5,28,45,42,19,52,0,0,0,0,0,0,0,0,0,0,SJF,0
4,30,33,4,8,0,0,0,0,0,0,0,0,0,0,0,MLQ,0
6,26,16,36,44,11,47,0,0,0,0,0,0,0,0,0,SJF,0
10,35,44,31,23,22,54,9,52,35,57,0,0,0,0,0,SJF,0
7,18,57,15,44,20,57,55,0,0,0,0,0,0,0,0,SJF,0
13,43,41,35,22,58,39,13,10,39,46,33,19,11,0,0,SJF,0
4,2,3,5,8,0,0,0,0,0,0,0,0,0,0,0,RR,8
4,14,37,47,22,0,0,0,0,0,0,0,0,0,0,0,MLQ,0
4,3,3,8,9,0,0,0,0,0,0,0,0,0,0,0,RR,8
4,6,23,35,47,0,0,0,0,0,0,0,0,0,0,0,MLQ,0
4,24,3,29,5,0,0,0,0,0,0,0,0,0,0,0,MLQ,0
6,40,11,32,49,46,12,0,0,0,0,0,0,0,0,0,SJF,0
8,20,34,35,18,54,23,30,42,0,0,0,0,0,0,0,SJF,0
7,55,53,4,7,8,39,57,0,0,0,0,0,0,0,0,SJF,0
7,41,17,32,42,53,20,14,0,0,0,0,0,0,0,0,SJF,0
4,3,7,7,7,0,0,0,0,0,0,0,0,0,0,0,RR,8
10,55,21,57,12,59,43,13,59,59,22,0,0,0,0,0,SJF,0
4,7,8,8,8,0,0,0,0,0,0,0,0,0,0,0,RR,8
4,2,3,6,10,0,0,0,0,0,0,0,0,0,0,0,RR,8
10,56,31,55,16,8,53,25,46,19,2,0,0,0,0,0,SJF,0
4,9,55,33,23,0,0,0,0,0,0,0,0,0,0,0,SJF,0
4,2,3,3,3,0,0,0,0,0,0,0,0,0,0,0,RR,4
4,3,6,8,8,0,0,0,0,0,0,0,0,0,0,0,RR,8
4,44,30,19,5,0,0,0,0,0,0,0,0,0,0,0,SJF,0
15,5,22,27,37,36,46,28,32,8,35,14,3,56,60,28,SJF,0
4,3,3,5,7,0,0,0,0,0,0,0,0,0,0,0,RR,8
4,2,4,5,10,0,0,0,0,0,0,0,0,0,0,0,RR,8
12,44,32,14,48,25,58,54,25,59,9,3,22,0,0,0,SJF,0
5,3,6,6,7,8,0,0,0,0,0,0,0,0,0,0,RR,8
11,59,2,17,48,39,25,43,31,3,11,35,0,0,0,0,SJF,0
4,2,3,6,8,0,0,0,0,0,0,0,0,0,0,0,RR,8
13,38,3,6,5,8,5,42,35,53,40,34,55,38,0,0,SJF,0
7,10,44,3,26,55,52,59,0,0,0,0,0,0,0,0,SJF,0
4,5,33,9,50,0,0,0,0,0,0,0,0,0,0,0,MLQ,0
15,10,5,15,7,53,29,58,14,19,33,16,17,35,21,5,SJF,0
4,8,41,47,48,0,0,0,0,0,0,0,0,0,0,0,MLQ,0
9,37,43,27,48,32,54,36,54,8,0,0,0,0,0,0,SJF,0
8,4,33,9,48,25,16,48,8,0,0,0,0,0,0,0,SJF,0
4,2,5,7,7,0,0,0,0,0,0,0,0,0,0,0,RR,8
8,51,15,55,28,42,7,49,58,0,0,0,0,0,0,0,SJF,0
12,33,21,25,7,28,39,33,23,4,2,15,8,0,0,0,SJF,0
15,38,47,15,41,44,28,18,53,54,13,36,2,48,5,28,SJF,0
14,25,53,3,7,1,5,35,26,16,37,45,52,35,32,0,SJF,0
6,21,46,25,50,48,19,0,0,0,0,0,0,0,0,0,SJF,0
8,13,33,58,32,2,26,49,12,0,0,0,0,0,0,0,SJF,0
4,47,26,26,32,0,0,0,0,0,0,0,0,0,0,0,MLQ,0
4,1,15,41,15,0,0,0,0,0,0,0,0,0,0,0,MLQ,0
4,1,3,7,9,0,0,0,0,0,0,0,0,0,0,0,RR,8
7,1,1,1,1,2,2,2,0,0,0,0,0,0,0,0,RR,2
12,52,17,27,30,28,42,59,58,59,58,12,27,0,0,0,SJF,0
8,28,36,21,39,2,4,20,50,0,0,0,0,0,0,0,SJF,0
4,14,17,29,43,0,0,0,0,0,0,0,0,0,0,0,MLQ,0
4,6,19,39,44,0,0,0,0,0,0,0,0,0,0,0,MLQ,0
5,3,5,6,8,8,0,0,0,0,0,0,0,0,0,0,RR,8
4,2,5,6,6,0,0,0,0,0,0,0,0,0,0,0,RR,8
7,14,8,31,60,48,24,52,0,0,0,0,0,0,0,0,SJF,0
13,12,57,47,55,16,56,2,16,19,22,33,5,48,0,0,SJF,0
14,23,45,55,32,4,49,22,13,53,19,20,56,21,16,0,SJF,0
4,2,5,25,33,0,0,0,0,0,0,0,0,0,0,0,MLQ,0
12,26,44,4,24,59,55,60,8,47,15,58,40,0,0,0,SJF,0
9,7,25,7,47,28,22,10,52,38,0,0,0,0,0,0,SJF,0
4,41,42,42,23,0,0,0,0,0,0,0,0,0,0,0,MLQ,0
14,19,58,4,59,28,26,34,54,47,21,20,43,26,19,0,SJF,0
4,2,5,6,6,0,0,0,0,0,0,0,0,0,0,0,RR,8
7,53,17,49,49,23,14,23,0,0,0,0,0,0,0,0,SJF,0
5,2,6,6,6,10,0,0,0,0,0,0,0,0,0,0,RR,8
14,1,57,31,57,4,24,56,8,45,51,35,40,26,6,0,SJF,0
4,41,42,42,1,0,0,0,0,0,0,0,0,0,0,0,MLQ,0
5,13,40,48,50,44,0,0,0,0,0,0,0,0,0,0,SJF,0
5,5,42,21,44,48,0,0,0,0,0,0,0,0,0,0,MLQ,0
14,13,46,55,31,43,7,32,14,39,30,48,47,20,59,0,SJF,0
4,3,3,5,8,0,0,0,0,0,0,0,0,0,0,0,RR,8
4,47,2,5,11,0,0,0,0,0,0,0,0,0,0,0,MLQ,0
12,54,6,49,50,38,3,42,42,27,59,57,51,0,0,0,SJF,0
4,3,3,4,5,0,0,0,0,0,0,0,0,0,0,0,RR,4
11,56,4,25,15,11,46,30,33,53,15,33,0,0,0,0,SJF,0
4,28,12,21,32,0,0,0,0,0,0,0,0,0,0,0,MLQ,0
5,1,3,4,6,9,0,0,0,0,0,0,0,0,0,0,RR,8
4,4,4,5,8,0,0,0,0,0,0,0,0,0,0,0,RR,8
4,4,6,7,10,0,0,0,0,0,0,0,0,0,0,0,RR,8
8,51,42,2,25,35,39,50,35,0,0,0,0,0,0,0,SJF,0
15,11,50,46,31,45,55,14,31,9,52,32,48,4,53,26,SJF,0
7,15,20,18,45,50,47,36,0,0,0,0,0,0,0,0,SJF,0
7,33,35,39,1,50,17,23,0,0,0,0,0,0,0,0,MLQ,0
6,30,50,4,48,32,45,0,0,0,0,0,0,0,0,0,SJF,0
15,45,58,17,23,7,8,26,20,58,46,1,12,16,25,18,SJF,0
8,42,9,8,14,53,32,30,51,0,0,0,0,0,0,0,SJF,0
4,5,7,7,9,0,0,0,0,0,0,0,0,0,0,0,RR,8
4,49,50,2,13,0,0,0,0,0,0,0,0,0,0,0,MLQ,0
4,1,2,4,4,0,0,0,0,0,0,0,0,0,0,0,RR,4
5,4,4,4,5,8,0,0,0,0,0,0,0,0,0,0,RR,8
13,4,11,57,10,18,40,58,46,38,28,55,26,29,0,0,SJF,0
5,2,3,4,8,8,0,0,0,0,0,0,0,0,0,0,RR,8
6,2,37,37,24,25,23,0,0,0,0,0,0,0,0,0,SJF,0
10,30,56,5,54,13,7,58,37,49,47,0,0,0,0,0,SJF,0
4,38,20,38,56,0,0,0,0,0,0,0,0,0,0,0,SJF,0
4,3,3,4,9,0,0,0,0,0,0,0,0,0,0,0,RR,4
5,1,2,3,7,9,0,0,0,0,0,0,0,0,0,0,RR,8
14,26,46,23,58,42,6,26,51,10,2,2,4,54,42,0,SJF,0
9,57,34,26,26,4,10,59,36,43,0,0,0,0,0,0,SJF,0
5,26,1,5,8,9,0,0,0,0,0,0,0,0,0,0,MLQ,0
9,2,35,40,10,1,17,26,23,53,0,0,0,0,0,0,SJF,0
4,23,27,45,48,0,0,0,0,0,0,0,0,0,0,0,MLQ,0
6,3,26,27,9,40,11,0,0,0,0,0,0,0,0,0,MLQ,0
8,17,39,8,41,52,20,5,14,0,0,0,0,0,0,0,SJF,0
6,22,25,5,25,7,12,0,0,0,0,0,0,0,0,0,MLQ,0
9,55,13,20,8,7,5,13,43,48,0,0,0,0,0,0,SJF,0
10,51,44,51,9,47,18,51,56,47,18,0,0,0,0,0,SJF,0
14,42,30,41,25,3,33,59,46,38,42,4,34,50,6,0,SJF,0
4,5,5,5,9,0,0,0,0,0,0,0,0,0,0,0,RR,8
4,6,17,28,31,0,0,0,0,0,0,0,0,0,0,0,MLQ,0
4,24,31,3,12,0,0,0,0,0,0,0,0,0,0,0,MLQ,0
4,11,38,11,47,0,0,0,0,0,0,0,0,0,0,0,MLQ,0
11,49,14,15,52,30,34,59,9,26,18,57,0,0,0,0,SJF,0
11,46,5,46,38,36,23,30,43,36,21,39,0,0,0,0,SJF,0
4,3,4,8,9,0,0,0,0,0,0,0,0,0,0,0,RR,8
6,11,8,55,9,45,46,0,0,0,0,0,0,0,0,0,SJF,0
4,26,30,2,18,0,0,0,0,0,0,0,0,0,0,0,MLQ,0
10,11,47,21,24,30,52,42,41,48,35,0,0,0,0,0,SJF,0
4,29,50,4,9,0,0,0,0,0,0,0,0,0,0,0,MLQ,0
14,11,16,60,11,1,2,47,23,48,51,36,37,14,39,0,SJF,0
6,28,24,28,11,59,33,0,0,0,0,0,0,0,0,0,SJF,0
10,30,14,23,56,45,57,4,41,39,28,0,0,0,0,0,SJF,0
4,16,24,27,16,0,0,0,0,0,0,0,0,0,0,0,MLQ,0
13,13,11,34,47,59,33,9,42,36,5,28,15,56,0,0,SJF,0
5,8,12,19,37,41,0,0,0,0,0,0,0,0,0,0,MLQ,0
4,33,35,4,15,0,0,0,0,0,0,0,0,0,0,0,MLQ,0
14,55,50,31,49,6,2,22,33,51,31,58,14,19,21,0,SJF,0
4,42,33,7,44,0,0,0,0,0,0,0,0,0,0,0,SJF,0
11,58,26,45,13,54,6,43,25,50,52,49,0,0,0,0,SJF,0
4,22,10,31,54,0,0,0,0,0,0,0,0,0,0,0,SJF,0
4,1,3,6,10,0,0,0,0,0,0,0,0,0,0,0,RR,8
10,57,20,9,47,48,19,36,16,45,42,0,0,0,0,0,SJF,0
11,49,42,16,9,22,53,35,4,53,19,54,0,0,0,0,SJF,0
11,11,21,39,52,15,19,60,34,16,11,59,0,0,0,0,SJF,0
4,4,8,8,10,0,0,0,0,0,0,0,0,0,0,0,RR,8
6,4,5,7,7,7,9,0,0,0,0,0,0,0,0,0,RR,8
5,1,12,35,44,14,0,0,0,0,0,0,0,0,0,0,MLQ,0
5,44,31,50,30,34,0,0,0,0,0,0,0,0,0,0,SJF,0
9,26,50,54,36,31,31,14,4,24,0,0,0,0,0,0,SJF,0
4,1,58,29,2,0,0,0,0,0,0,0,0,0,0,0,SJF,0
4,36,38,38,48,0,0,0,0,0,0,0,0,0,0,0,MLQ,0
12,53,33,17,52,16,41,34,6,8,25,13,13,0,0,0,SJF,0
4,31,5,38,10,0,0,0,0,0,0,0,0,0,0,0,MLQ,0
5,40,4,14,9,38,0,0,0,0,0,0,0,0,0,0,SJF,0
4,37,17,31,37,0,0,0,0,0,0,0,0,0,0,0,SJF,0
4,29,54,10,48,0,0,0,0,0,0,0,0,0,0,0,SJF,0
10,5,60,32,29,53,27,17,36,21,52,0,0,0,0,0,SJF,0
6,8,46,20,17,32,37,0,0,0,0,0,0,0,0,0,SJF,0
11,39,40,23,9,53,21,42,32,54,37,4,0,0,0,0,SJF,0
12,7,56,6,48,43,46,26,49,4,47,26,1,0,0,0,SJF,0
6,23,25,49,16,58,40,0,0,0,0,0,0,0,0,0,SJF,0
9,4,41,23,3,58,21,50,4,37,0,0,0,0,0,0,SJF,0
4,1,2,2,5,0,0,0,0,0,0,0,0,0,0,0,RR,2
4,24,27,4,17,0,0,0,0,0,0,0,0,0,0,0,MLQ,0
5,2,3,4,7,9,0,0,0,0,0,0,0,0,0,0,RR,8
4,47,57,39,36,0,0,0,0,0,0,0,0,0,0,0,SJF,0
5,24,5,60,38,57,0,0,0,0,0,0,0,0,0,0,SJF,0
10,8,11,33,45,14,13,33,3,38,56,0,0,0,0,0,SJF,0
11,20,30,52,1,48,14,42,49,60,53,31,0,0,0,0,SJF,0
14,58,1,2,19,39,1,7,43,55,53,35,32,46,43,0,SJF,0
4,14,18,27,38,0,0,0,0,0,0,0,0,0,0,0,MLQ,0
4,8,14,16,38,0,0,0,0,0,0,0,0,0,0,0,MLQ,0
4,5,5,5,9,0,0,0,0,0,0,0,0,0,0,0,RR,8
5,1,3,4,8,9,0,0,0,0,0,0,0,0,0,0,RR,8
4,1,2,5,7,0,0,0,0,0,0,0,0,0,0,0,RR,8
9,58,10,59,7,50,51,11,43,33,0,0,0,0,0,0,SJF,0
8,47,56,50,35,10,50,18,22,0,0,0,0,0,0,0,SJF,0
15,2,38,33,53,11,13,36,6,26,57,13,37,48,35,22,SJF,0
4,45,58,19,20,0,0,0,0,0,0,0,0,0,0,0,MLQ,0
4,4,4,7,10,0,0,0,0,0,0,0,0,0,0,0,RR,8
7,24,48,56,32,49,54,53,0,0,0,0,0,0,0,0,SJF,0
6,38,5,38,56,18,43,0,0,0,0,0,0,0,0,0,SJF,0
5,2,5,6,8,9,0,0,0,0,0,0,0,0,0,0,RR,8
12,57,23,20,4,24,12,42,22,48,31,48,9,0,0,0,SJF,0
4,3,3,13,28,0,0,0,0,0,0,0,0,0,0,0,MLQ,0
5,20,7,12,10,44,0,0,0,0,0,0,0,0,0,0,SJF,0
4,6,8,8,8,0,0,0,0,0,0,0,0,0,0,0,RR,8
14,37,25,16,60,3,17,7,11,29,3,21,26,3,26,0,SJF,0
4,2,6,7,8,0,0,0,0,0,0,0,0,0,0,0,RR,8
10,13,8,23,9,53,13,20,1,10,31,0,0,0,0,0,SJF,0
5,34,35,12,35,19,0,0,0,0,0,0,0,0,0,0,MLQ,0
6,29,32,7,42,52,38,0,0,0,0,0,0,0,0,0,SJF,0
4,1,5,7,10,0,0,0,0,0,0,0,0,0,0,0,RR,8
4,34,33,22,22,0,0,0,0,0,0,0,0,0,0,0,SJF,0
8,26,6,46,47,60,60,49,32,0,0,0,0,0,0,0,SJF,0
4,3,5,7,7,0,0,0,0,0,0,0,0,0,0,0,RR,8
12,34,48,42,4,41,50,60,35,21,60,24,56,0,0,0,SJF,0
4,33,59,60,34,0,0,0,0,0,0,0,0,0,0,0,MLQ,0
5,27,33,48,22,20,0,0,0,0,0,0,0,0,0,0,SJF,0
4,5,28,18,45,0,0,0,0,0,0,0,0,0,0,0,MLQ,0
7,4,53,45,28,57,44,60,0,0,0,0,0,0,0,0,SJF,0
15,21,43,33,6,7,4,45,56,7,56,39,21,52,29,3,SJF,0
13,38,33,1,27,32,8,45,7,16,10,36,3,46,0,0,SJF,0
6,34,11,37,47,23,48,0,0,0,0,0,0,0,0,0,MLQ,0
13,38,23,17,8,29,3,4,54,18,2,18,18,34,0,0,SJF,0
4,42,2,4,10,0,0,0,0,0,0,0,0,0,0,0,MLQ,0
4,47,37,57,20,0,0,0,0,0,0,0,0,0,0,0,SJF,0
14,56,41,12,1,14,19,24,4,28,31,5,23,12,45,0,SJF,0
11,27,43,28,25,7,25,21,59,3,46,6,0,0,0,0,SJF,0
4,45,54,17,49,0,0,0,0,0,0,0,0,0,0,0,SJF,0
9,26,6,31,46,42,52,30,56,28,0,0,0,0,0,0,SJF,0
10,36,57,1,52,48,56,53,45,9,29,0,0,0,0,0,SJF,0
9,19,1,8,6,31,59,38,21,3,0,0,0,0,0,0,SJF,0
8,13,22,55,35,12,38,55,59,0,0,0,0,0,0,0,SJF,0
11,47,44,2,7,1,15,48,41,40,48,23,0,0,0,0,SJF,0
5,39,34,29,39,56,0,0,0,0,0,0,0,0,0,0,SJF,0
4,42,18,18,44,0,0,0,0,0,0,0,0,0,0,0,MLQ,0
7,23,41,20,48,20,44,33,0,0,0,0,0,0,0,0,SJF,0
7,1,1,1,1,2,3,8,0,0,0,0,0,0,0,0,RR,4
8,50,31,41,18,60,21,54,43,0,0,0,0,0,0,0,SJF,0
6,35,35,6,11,38,44,0,0,0,0,0,0,0,0,0,MLQ,0
10,59,56,19,42,31,38,27,41,14,6,0,0,0,0,0,SJF,0
4,27,51,53,56,0,0,0,0,0,0,0,0,0,0,0,MLQ,0
4,2,3,3,3,0,0,0,0,0,0,0,0,0,0,0,RR,4
14,21,27,1,45,34,3,54,30,6,28,36,32,10,7,0,SJF,0
13,49,1,51,43,29,7,18,30,47,26,2,55,22,0,0,SJF,0
8,41,44,53,48,45,37,27,30,0,0,0,0,0,0,0,SJF,0
12,15,9,55,2,39,28,5,21,18,17,27,58,0,0,0,SJF,0
15,41,41,17,51,37,31,40,20,13,48,50,9,22,4,55,SJF,0
4,1,6,7,9,0,0,0,0,0,0,0,0,0,0,0,RR,8
8,45,36,59,16,23,31,3,16,0,0,0,0,0,0,0,SJF,0
15,39,14,6,19,33,58,45,46,45,3,55,6,30,15,48,SJF,0
5,3,5,7,8,9,0,0,0,0,0,0,0,0,0,0,RR,8
5,17,49,28,44,1,0,0,0,0,0,0,0,0,0,0,SJF,0
7,50,49,39,9,3,41,26,0,0,0,0,0,0,0,0,SJF,0
13,56,26,14,6,26,3,4,20,58,21,11,47,6,0,0,SJF,0
4,5,7,7,9,0,0,0,0,0,0,0,0,0,0,0,RR,8
6,53,15,40,6,46,1,0,0,0,0,0,0,0,0,0,SJF,0
4,4,6,6,9,0,0,0,0,0,0,0,0,0,0,0,RR,8
7,45,13,7,43,25,38,49,0,0,0,0,0,0,0,0,SJF,0
6,35,39,4,45,22,45,0,0,0,0,0,0,0,0,0,MLQ,0
4,30,9,34,34,0,0,0,0,0,0,0,0,0,0,0,MLQ,0
4,34,52,19,40,0,0,0,0,0,0,0,0,0,0,0,SJF,0
5,2,9,23,34,42,0,0,0,0,0,0,0,0,0,0,MLQ,0
7,23,25,16,45,21,52,43,0,0,0,0,0,0,0,0,SJF,0
4,22,27,3,14,0,0,0,0,0,0,0,0,0,0,0,MLQ,0
4,6,8,8,8,0,0,0,0,0,0,0,0,0,0,0,RR,8
4,4,4,4,4,0,0,0,0,0,0,0,0,0,0,0,RR,4
4,27,27,38,27,0,0,0,0,0,0,0,0,0,0,0,MLQ,0
13,17,40,43,24,44,45,21,34,47,32,7,11,8,0,0,SJF,0
4,4,6,6,10,0,0,0,0,0,0,0,0,0,0,0,RR,8
6,4,3,18,32,7,15,0,0,0,0,0,0,0,0,0,SJF,0
4,36,18,41,48,0,0,0,0,0,0,0,0,0,0,0,MLQ,0
4,2,30,34,30,0,0,0,0,0,0,0,0,0,0,0,SJF,0
7,29,37,2,24,59,5,20,0,0,0,0,0,0,0,0,SJF,0
4,3,4,7,8,0,0,0,0,0,0,0,0,0,0,0,RR,8
7,55,47,29,25,53,36,59,0,0,0,0,0,0,0,0,SJF,0
9,27,25,40,1,35,14,28,45,25,0,0,0,0,0,0,SJF,0
7,16,8,48,40,34,27,10,0,0,0,0,0,0,0,0,SJF,0
4,12,14,37,50,0,0,0,0,0,0,0,0,0,0,0,MLQ,0
4,1,4,4,9,0,0,0,0,0,0,0,0,0,0,0,RR,4
4,3,3,5,9,0,0,0,0,0,0,0,0,0,0,0,RR,8
13,25,54,55,22,6,29,41,33,53,48,21,16,1,0,0,SJF,0
14,54,60,27,47,55,38,39,32,12,21,19,34,4,43,0,SJF,0
7,42,7,30,35,1,26,50,0,0,0,0,0,0,0,0,SJF,0
4,36,42,42,8,0,0,0,0,0,0,0,0,0,0,0,MLQ,0
4,13,3,12,20,0,0,0,0,0,0,0,0,0,0,0,MLQ,0
4,37,17,43,44,0,0,0,0,0,0,0,0,0,0,0,MLQ,0
5,41,23,40,46,3,0,0,0,0,0,0,0,0,0,0,SJF,0
6,25,2,31,4,31,16,0,0,0,0,0,0,0,0,0,MLQ,0
4,2,5,8,9,0,0,0,0,0,0,0,0,0,0,0,RR,8
10,27,18,46,39,2,10,48,4,56,26,0,0,0,0,0,SJF,0
10,40,53,33,28,48,43,21,28,41,16,0,0,0,0,0,SJF,0
6,32,3,15,39,48,27,0,0,0,0,0,0,0,0,0,MLQ,0
5,44,5,50,6,12,0,0,0,0,0,0,0,0,0,0,MLQ,0
4,2,2,5,5,0,0,0,0,0,0,0,0,0,0,0,RR,8
5,2,59,53,43,19,0,0,0,0,0,0,0,0,0,0,SJF,0
5,59,59,57,26,14,0,0,0,0,0,0,0,0,0,0,SJF,0
13,43,38,60,23,15,34,12,6,52,46,38,38,49,0,0,SJF,0
4,1,7,8,10,0,0,0,0,0,0,0,0,0,0,0,RR,8
4,45,13,21,2,0,0,0,0,0,0,0,0,0,0,0,SJF,0
4,25,38,53,13,0,0,0,0,0,0,0,0,0,0,0,SJF,0
8,50,7,42,35,49,53,20,20,0,0,0,0,0,0,0,SJF,0
4,27,35,43,45,0,0,0,0,0,0,0,0,0,0,0,MLQ,0
4,3,7,7,10,0,0,0,0,0,0,0,0,0,0,0,RR,8
14,54,60,19,31,21,38,18,15,17,46,53,5,44,28,0,SJF,0
7,20,43,17,49,24,21,44,0,0,0,0,0,0,0,0,SJF,0
6,30,9,42,11,42,24,0,0,0,0,0,0,0,0,0,MLQ,0
10,53,47,2,12,52,47,26,21,59,59,0,0,0,0,0,SJF,0
4,1,6,7,7,0,0,0,0,0,0,0,0,0,0,0,RR,8
5,2,16,24,30,7,0,0,0,0,0,0,0,0,0,0,MLQ,0
11,11,9,32,51,42,12,10,16,13,38,20,0,0,0,0,SJF,0
15,2,39,11,59,10,45,41,47,11,44,13,56,39,37,44,SJF,0
14,50,2,13,22,6,35,29,11,37,20,10,7,52,5,0,SJF,0
4,2,7,8,9,0,0,0,0,0,0,0,0,0,0,0,RR,8
15,54,20,7,19,3,19,59,47,26,52,36,24,55,32,17,SJF,0
13,40,27,58,33,8,38,4,56,14,11,54,41,21,0,0,SJF,0
8,19,51,22,13,21,23,53,60,0,0,0,0,0,0,0,SJF,0
7,28,43,34,57,58,21,19,0,0,0,0,0,0,0,0,SJF,0
4,29,19,24,42,0,0,0,0,0,0,0,0,0,0,0,MLQ,0
4,54,20,25,25,0,0,0,0,0,0,0,0,0,0,0,MLQ,0
5,7,34,36,14,50,0,0,0,0,0,0,0,0,0,0,MLQ,0
4,3,32,44,48,0,0,0,0,0,0,0,0,0,0,0,MLQ,0
12,4,27,12,52,33,10,35,42,43,47,19,40,0,0,0,SJF,0
14,22,38,1,1,23,42,48,28,17,52,25,19,14,57,0,SJF,0
11,22,49,39,38,17,32,14,20,4,27,28,0,0,0,0,SJF,0
6,57,49,31,59,11,59,0,0,0,0,0,0,0,0,0,SJF,0
11,26,24,28,40,16,13,5,60,49,30,40,0,0,0,0,SJF,0
9,6,55,25,40,59,44,37,41,2,0,0,0,0,0,0,SJF,0
4,30,7,44,7,0,0,0,0,0,0,0,0,0,0,0,MLQ,0
15,2,51,4,3,21,2,29,46,59,35,26,9,27,5,4,SJF,0
4,38,12,29,45,0,0,0,0,0,0,0,0,0,0,0,MLQ,0
4,9,49,18,22,0,0,0,0,0,0,0,0,0,0,0,MLQ,0
6,36,30,47,46,28,59,0,0,0,0,0,0,0,0,0,SJF,0
13,45,35,46,16,41,13,44,27,24,58,39,16,25,0,0,SJF,0
13,57,39,38,37,31,13,44,23,35,15,45,49,1,0,0,SJF,0
14,44,19,7,3,41,1,16,37,24,45,39,52,30,40,0,SJF,0
6,59,53,36,20,1,12,0,0,0,0,0,0,0,0,0,SJF,0
13,30,49,31,9,25,16,22,39,53,14,44,7,2,0,0,SJF,0
4,21,2,46,8,0,0,0,0,0,0,0,0,0,0,0,MLQ,0
13,20,40,48,39,23,32,46,31,45,1,54,19,51,0,0,SJF,0
6,22,33,55,15,24,2,0,0,0,0,0,0,0,0,0,SJF,0
14,26,1,44,50,54,2,19,13,44,53,31,1,29,55,0,SJF,0
4,1,4,4,4,0,0,0,0,0,0,0,0,0,0,0,RR,4
7,6,44,39,10,54,41,55,0,0,0,0,0,0,0,0,SJF,0
8,6,55,47,53,45,54,34,16,0,0,0,0,0,0,0,SJF,0
5,10,38,12,13,44,0,0,0,0,0,0,0,0,0,0,MLQ,0
6,58,45,39,35,30,54,0,0,0,0,0,0,0,0,0,SJF,0
4,12,36,9,20,0,0,0,0,0,0,0,0,0,0,0,SJF,0
4,28,52,20,16,0,0,0,0,0,0,0,0,0,0,0,SJF,0
4,4,4,8,10,0,0,0,0,0,0,0,0,0,0,0,RR,8
4,1,1,5,7,0,0,0,0,0,0,0,0,0,0,0,RR,8
7,23,24,9,42,1,3,38,0,0,0,0,0,0,0,0,SJF,0
14,9,41,27,2,37,43,55,36,24,32,27,12,13,5,0,SJF,0
14,55,6,15,26,42,22,32,37,17,29,50,2,31,2,0,SJF,0
4,3,7,7,10,0,0,0,0,0,0,0,0,0,0,0,RR,8
13,11,47,27,57,26,16,54,59,42,60,14,23,52,0,0,SJF,0
4,1,1,1,1,0,0,0,0,0,0,0,0,0,0,0,RR,1
4,24,10,56,16,0,0,0,0,0,0,0,0,0,0,0,SJF,0
4,1,2,6,6,0,0,0,0,0,0,0,0,0,0,0,RR,8
5,21,45,36,38,30,0,0,0,0,0,0,0,0,0,0,SJF,0
5,3,3,4,8,10,0,0,0,0,0,0,0,0,0,0,RR,8
5,32,1,10,46,10,0,0,0,0,0,0,0,0,0,0,MLQ,0
7,60,3,28,32,29,2,11,0,0,0,0,0,0,0,0,SJF,0
12,27,39,46,11,21,50,5,58,28,9,26,3,0,0,0,SJF,0
8,50,57,56,13,13,50,59,30,0,0,0,0,0,0,0,SJF,0
9,41,25,52,9,30,22,57,36,50,0,0,0,0,0,0,SJF,0
8,5,20,5,7,14,18,39,46,0,0,0,0,0,0,0,MLQ,0
15,55,12,7,11,38,44,18,60,19,19,8,15,5,28,12,SJF,0
4,35,10,11,40,0,0,0,0,0,0,0,0,0,0,0,MLQ,0
11,15,27,54,7,17,52,20,1,31,52,10,0,0,0,0,SJF,0
11,43,55,16,8,13,1,43,29,22,25,58,0,0,0,0,SJF,0
4,1,31,27,50,0,0,0,0,0,0,0,0,0,0,0,MLQ,0
10,15,45,32,56,51,10,50,17,53,29,0,0,0,0,0,SJF,0
12,21,6,53,23,50,35,13,32,12,14,30,31,0,0,0,SJF,0
4,13,14,29,29,0,0,0,0,0,0,0,0,0,0,0,MLQ,0
11,18,55,17,35,55,29,5,10,6,44,37,0,0,0,0,SJF,0
5,1,3,6,6,8,0,0,0,0,0,0,0,0,0,0,RR,8
5,40,1,41,46,2,0,0,0,0,0,0,0,0,0,0,MLQ,0
4,1,1,3,3,0,0,0,0,0,0,0,0,0,0,0,RR,4
4,26,10,46,20,0,0,0,0,0,0,0,0,0,0,0,MLQ,0
5,17,13,32,5,11,0,0,0,0,0,0,0,0,0,0,SJF,0
4,1,4,4,4,0,0,0,0,0,0,0,0,0,0,0,RR,4
14,54,5,33,20,27,51,46,22,58,5,21,43,44,21,0,SJF,0
12,51,43,32,29,32,41,30,50,47,60,41,49,0,0,0,SJF,0
7,3,3,4,6,7,8,8,0,0,0,0,0,0,0,0,RR,8
